{"cameraMode":{"drawMode":0,"name":"Shaded","section":"Shading Mode"},"sceneLighting":false,"audioPlay":false,"sceneViewState":{"m_AlwaysRefresh":false,"showFog":true,"showSkybox":false,"showFlares":true,"showImageEffects":true,"showParticleSystems":true,"showVisualEffectGraphs":true,"m_FxEnabled":true},"in2DMode":false,"pivot":{"x":0.4909999966621399,"y":1.8562281131744385,"z":0.9413822889328003},"rotation":{"x":0.000533538346644491,"y":0.8939550518989563,"z":0.001063865376636386,"w":-0.4481528699398041},"size":0.13594023883342744,"orthographic":false}