{"cameraMode":{"drawMode":0,"name":"Shaded","section":"Shading Mode"},"sceneLighting":true,"audioPlay":false,"sceneViewState":{"m_AlwaysRefresh":false,"showFog":true,"showSkybox":true,"showFlares":true,"showImageEffects":true,"showParticleSystems":true,"showVisualEffectGraphs":true,"m_FxEnabled":true},"in2DMode":false,"pivot":{"x":15.195239067077637,"y":2.198012351989746,"z":-21.278392791748048},"rotation":{"x":0.003288059262558818,"y":-0.9916943907737732,"z":0.1259310394525528,"w":0.025896646082401277},"size":27.128995895385743,"orthographic":false}